dataset_name,method,mean_fitness,best_fitness,mean_hard_violations,best_hard_violations,mean_soft_penalty,best_soft_penalty,mean_runtime_seconds,best_runtime_seconds
Fis0506-1,ACO,21701.0,21045.0,21.666666666666668,21,34.333333333333336,29.0,173.52057603333137,163.00571249999484
Fis0506-1,Controller,21382.666666666668,21044.0,21.333333333333332,21,49.333333333333336,29.0,39.059617600001125,38.840809200002695
Fis0506-1,Greedy,22029.0,22029.0,22.0,22,29.0,29.0,9.429627266666406,8.953391199996986
Fis0506-1,PSO,17086.333333333332,15073.0,17.0,15,86.33333333333333,73.0,44.631596200000786,42.97473240000545
Ing0203-2,ACO,5333.666666666667,3337.0,5.0,3,333.6666666666667,264.0,486.6584185999988,444.80396699999983
Ing0203-2,Controller,7997.333333333333,6404.0,7.666666666666667,6,330.6666666666667,291.0,220.85252386666494,152.70073169999523
Ing0203-2,Greedy,15202.0,15202.0,15.0,15,202.0,202.0,80.95688183333307,75.89474589999736
Ing0203-2,PSO,2730.6666666666665,2358.0,2.3333333333333335,2,397.3333333333333,358.0,183.47848826666208,154.14771819999442
